{
    "name": "root",
    "gauges": {
        "TouchCube.Policy.Entropy.mean": {
            "value": 1.838934063911438,
            "min": 1.572452187538147,
            "max": 2.1360647678375244,
            "count": 9
        },
        "TouchCube.Environment.LessonNumber.mass.mean": {
            "value": 0.0,
            "min": 0.0,
            "max": 0.0,
            "count": 9
        },
        "TouchCube.Environment.LessonNumber.length.mean": {
            "value": 0.0,
            "min": 0.0,
            "max": 0.0,
            "count": 9
        },
        "TouchCube.Environment.LessonNumber.scale.mean": {
            "value": 0.0,
            "min": 0.0,
            "max": 0.0,
            "count": 9
        },
        "TouchCube.Policy.ExtrinsicValueEstimate.mean": {
            "value": -0.17005598545074463,
            "min": -0.2228194773197174,
            "max": -0.14270691573619843,
            "count": 9
        },
        "TouchCube.Losses.ValueLoss.mean": {
            "value": 0.00015245222311932594,
            "min": 7.215128789539449e-06,
            "max": 0.00030383700504899025,
            "count": 9
        },
        "TouchCube.Losses.PolicyLoss.mean": {
            "value": 0.19980421662330627,
            "min": 0.13918893039226532,
            "max": 0.20780743658542633,
            "count": 9
        },
        "TouchCube.Losses.Q1Loss.mean": {
            "value": 5.2873008826281875e-05,
            "min": 2.4183332243410405e-06,
            "max": 0.0001227785978699103,
            "count": 9
        },
        "TouchCube.Losses.Q2Loss.mean": {
            "value": 4.606549191521481e-05,
            "min": 2.438817091388046e-06,
            "max": 0.00011767375690396875,
            "count": 9
        },
        "TouchCube.Policy.EntropyCoeff.mean": {
            "value": 0.0031410853844136,
            "min": 0.0018014726229012012,
            "max": 0.003725759219378233,
            "count": 9
        },
        "TouchCube.Policy.LearningRate.mean": {
            "value": 0.0002999999560415745,
            "min": 0.0002999999560415745,
            "max": 0.00029999998514540493,
            "count": 9
        },
        "TouchCube.Environment.EpisodeLength.mean": {
            "value": 249.0,
            "min": 249.0,
            "max": 249.0,
            "count": 9
        },
        "TouchCube.Environment.CumulativeReward.mean": {
            "value": -2.4214718632400034,
            "min": -3.6893493883311748,
            "max": -1.4394146502017975,
            "count": 9
        },
        "TouchCube.Policy.ExtrinsicReward.mean": {
            "value": -2.4214718632400034,
            "min": -3.6893493883311748,
            "max": -1.4394146502017975,
            "count": 9
        },
        "TouchCube.IsTraining.mean": {
            "value": 1.0,
            "min": 1.0,
            "max": 1.0,
            "count": 9
        }
    },
    "metadata": {
        "timer_format_version": "0.1.0",
        "start_time_seconds": "1607161091",
        "python_version": "3.7.9 (tags/v3.7.9:13c94747c7, Aug 17 2020, 18:58:18) [MSC v.1900 64 bit (AMD64)]",
        "command_line_arguments": "C:\\Users\\pabma\\AppData\\Local\\Programs\\Python\\Python37\\Scripts\\mlagents-learn updated_ur3_config.yml --run-id=finger --resume",
        "mlagents_version": "0.22.0",
        "mlagents_envs_version": "0.22.0",
        "communication_protocol_version": "1.2.0",
        "pytorch_version": "1.7.0+cpu",
        "numpy_version": "1.18.5",
        "end_time_seconds": "1607167829"
    },
    "total": 6738.7284093,
    "count": 1,
    "self": 0.3841357000001153,
    "children": {
        "run_training.setup": {
            "total": 0.552969400000002,
            "count": 1,
            "self": 0.552969400000002
        },
        "TrainerController.start_learning": {
            "total": 6737.7913042,
            "count": 1,
            "self": 6.899993400026688,
            "children": {
                "TrainerController._reset_env": {
                    "total": 15.096649799999994,
                    "count": 1,
                    "self": 15.096649799999994
                },
                "TrainerController.advance": {
                    "total": 6711.713131199974,
                    "count": 41697,
                    "self": 4.697229500002322,
                    "children": {
                        "env_step": {
                            "total": 6707.015901699971,
                            "count": 41697,
                            "self": 6546.533833099985,
                            "children": {
                                "SubprocessEnvManager._take_step": {
                                    "total": 158.34594269999107,
                                    "count": 41697,
                                    "self": 7.0953140000157475,
                                    "children": {
                                        "TFPolicy.evaluate": {
                                            "total": 151.25062869997532,
                                            "count": 41697,
                                            "self": 151.25062869997532
                                        }
                                    }
                                },
                                "workers": {
                                    "total": 2.1361258999955908,
                                    "count": 41696,
                                    "self": 0.0,
                                    "children": {
                                        "worker_root": {
                                            "total": 6722.360261999909,
                                            "count": 41696,
                                            "is_parallel": true,
                                            "self": 656.1717080999806,
                                            "children": {
                                                "steps_from_proto": {
                                                    "total": 0.0006889999999994956,
                                                    "count": 1,
                                                    "is_parallel": true,
                                                    "self": 0.0002566999999995545,
                                                    "children": {
                                                        "_process_vector_observation": {
                                                            "total": 0.00043229999999994106,
                                                            "count": 4,
                                                            "is_parallel": true,
                                                            "self": 0.00043229999999994106
                                                        }
                                                    }
                                                },
                                                "UnityEnvironment.step": {
                                                    "total": 6066.187864899928,
                                                    "count": 41696,
                                                    "is_parallel": true,
                                                    "self": 5.724835499867368,
                                                    "children": {
                                                        "UnityEnvironment._generate_step_input": {
                                                            "total": 4.211601100002936,
                                                            "count": 41696,
                                                            "is_parallel": true,
                                                            "self": 4.211601100002936
                                                        },